,Unnamed: 0,stats_id,weapon,initiated,strip_location,body_location,created_date
0,0,DimwittedThisCoypu,epee,fotl,fotr_half,front_arm,1591130715
1,1,KnobbySereneFreshwatereel,epee,fotl,middle,front_arm,1591144965
2,2,KnobbySereneFreshwatereel,epee,fotl,fotr_half,front_arm,1591156220
3,3,AnyVelvetyIvorybackedwoodswallow,epee,fotl,fotl_warning_box,torso,1591555506
4,4,EcstaticSilverHammerheadshark,epee,fotl,fotr_half,front_arm,1592342612
7,7,PeskyOffbeatAldabratortoise,epee,,fotl_warning_box,hand,1592396229
8,8,ReasonableNippyAoudad,epee,fotr,middle,front_arm,1592405661
9,9,HiddenKnobbyKoodoo,epee,fotr,fotl_warning_box,torso,1592453630
10,10,InsecureRealBadger,epee,fotr,middle,torso,1592453688
11,11,SnoopyUncommonAnophelesmosquito,epee,fotr,fotr_warning_box,foot,1592453746
12,12,AppropriateOldfashionedEstuarinecrocodile,epee,fotl,middle,hand,1592453776
13,13,IllShockedBasenji,epee,fotl,middle,front_arm,1592454343
14,14,DimwittedGreatHarvestmouse,epee,fotr,fotl_half,torso,1592454434
15,15,HandsomeDopeyHound,epee,fotl,middle,front_arm,1592454488
16,16,OpulentMadIbizanhound,epee,fotl,fotr_half,front_arm,1592454538
17,17,IdolizedUnpleasantLadybird,epee,fotl,fotl_half,hand,1592454607
18,18,AbleIdealisticIndianringneckparakeet,epee,fotr,fotl_warning_box,torso,1592455163
19,19,DefinitiveAnimatedAssassinbug,epee,fotr,fotr_half,front_leg,1592455289
20,20,InformalRealisticIbadanmalimbe,epee,fotr,fotl_warning_box,front_arm,1592455477
21,21,HelplessWhoppingCrocodile,epee,fotr,middle,front_arm,1592483814
22,22,IllfatedFineAnemonecrab,epee,,fotr_warning_box,hand,1592518218
23,23,CanineGraveFly,epee,fotl,middle,front_arm,1592578961
24,24,BelovedFearlessAyeaye,epee,fotr,fotr_half,torso,1592675197
25,25,AncientOrdinaryFlicker,epee,,fotl_warning_box,hand,1592728728
26,26,AncientOrdinaryFlicker,epee,neither,fotl_warning_box,hand,1592728749
27,27,FlusteredDaringIcterinewarbler,epee,fotl,middle,front_arm,1592833920
28,28,WelloffPersonalEuropeanpolecat,epee,fotl,middle,front_leg,1592837575
29,29,AdolescentCrispGallinule,epee,fotr,fotr_half,front_arm,1592837630
30,30,DefenselessQueasyGermanpinscher,epee,fotr,middle,hand,1592970226
31,31,EasygoingBlandFlicker,epee,fotl,fotr_half,front_arm,1593006363
32,32,UniqueWaryAfricanfisheagle,epee,fotr,middle,foot,1593096925
33,33,SnappyOnlyHorsemouse,epee,fotl,fotr_half,torso,1593181027
34,34,ExaltedBossyKookaburra,epee,fotl,middle,front_arm,1593441091
35,35,GaseousBrightJellyfish,epee,fotr,middle,torso,1593530768
36,36,ImmenseWhirlwindCanine,epee,fotr,middle,torso,1593612967
37,37,WeepyOrnateHamster,epee,fotr,fotl_half,front_arm,1593778604
38,38,SlipperyTestyLacewing,epee,fotr,middle,front_arm,1593865458
39,39,AbandonedDimwittedBlackfly,epee,fotr,middle,front_arm,1593909320
40,40,PalatableMadeupCats,epee,fotl,fotr_half,torso,1593957587
41,41,BitesizedGentleAmericanavocet,epee,fotl,fotl_warning_box,front_arm,1594042431
42,42,CoolDevotedDog,epee,fotr,middle,hand,1594125710
43,43,FearlessGoodBluebottlejellyfish,epee,fotl,fotl_half,front_arm,1594214921
44,44,MasculineKnobbyGreatargus,epee,fotr,middle,torso,1594298007
45,45,DishonestSandyBobwhite,epee,fotl,middle,torso,1594471706
46,46,SpicySaneLacewing,epee,fotl,fotr_warning_box,torso,1594564225
47,47,ComplexZealousHadrosaurus,epee,neither,middle,torso,1594660417
48,48,AbleShowyCaecilian,epee,fotl,fotr_warning_box,torso,1594739029
49,49,IncompatibleLeanGreathornedowl,epee,fotr,middle,torso,1594762644
50,50,DeadlyElectricBorderterrier,epee,fotr,middle,front_arm,1594762715
51,51,CautiousIdealisticAcouchi,epee,fotr,fotl_half,front_arm,1594762762
52,52,UnawareWelcomeGlassfrog,epee,fotr,fotl_half,front_leg,1594762814
53,53,OptimisticConstantAssassinbug,epee,fotr,middle,hand,1594762864
54,54,EnergeticWillingFlyingfish,epee,fotr,middle,foot,1594762962
55,55,WarmTightCaracal,epee,fotr,middle,torso,1594763000
56,56,PleasantScornfulCavy,epee,fotl,middle,front_arm,1594763060
57,57,DifficultCelebratedIchthyostega,epee,fotl,fotl_half,torso,1594763207
58,58,EcstaticRemorsefulArgali,epee,fotl,middle,front_arm,1594763268
59,59,FearlessPerfectEwe,epee,fotr,middle,torso,1594763313
60,60,DeliriousFaithfulAlpaca,epee,fotl,fotr_half,head,1594902103
61,61,GoodCornyAfricanwilddog,epee,fotr,middle,torso,1594996409
64,64,InferiorEachBackswimmer,epee,fotr,fotl_warning_box,torso,1595095878
65,65,AffectionateWigglyBluetickcoonhound,epee,fotl,middle,front_arm,1595164385
67,67,PassionateOffbeatFairybluebird,epee,fotr,middle,torso,1595364591
68,68,SnappyBaggyGodwit,epee,fotl,fotr_half,front_leg,1595417316
69,69,WaryThirstyAnt,epee,fotl,middle,torso,1595509928
70,70,ShockedEasyIndri,epee,fotr,middle,torso,1595565754
71,71,ShockedEasyIndri,epee,fotr,middle,torso,1595565799
72,72,CarefreeChubbyFinnishspitz,epee,fotl,fotr_half,torso,1595565952
73,73,LeanUnconsciousGreyhounddog,epee,fotr,middle,torso,1595566085
74,74,IllClearcutHawk,epee,fotr,middle,torso,1595566139
75,75,IllfatedOrangeBeagle,epee,fotr,fotr_half,front_arm,1595566302
76,76,OrnateFelineLeopardseal,epee,fotr,fotl_warning_box,head,1595566791
77,77,ElasticDefiantAmazondolphin,epee,fotl,fotr_half,torso,1595566865
78,78,FreeRepentantAbyssiniancat,epee,fotl,middle,torso,1595566984
81,81,MetallicHighAlbertosaurus,epee,fotl,middle,front_arm,1595592979
82,82,MetallicHighAlbertosaurus,epee,fotl,fotl_half,torso,1595593003
83,83,WeirdWaryCoyote,epee,fotr,fotr_half,front_arm,1595593073
84,84,PoliticalQuarrelsomeAnnashummingbird,epee,fotl,middle,front_arm,1595593153
85,85,ImmenseReliableAsp,epee,fotl,fotr_half,front_leg,1595604693
88,88,MadeupHilariousGar,epee,fotl,fotl_warning_box,front_arm,1595605493
90,90,MildFrightenedAssassinbug,epee,fotl,middle,torso,1595611368
91,91,MelodicQuarrelsomeIaerismetalmark,epee,fotr,fotl_half,torso,1595618547
92,92,FearfulClearBeagle,epee,fotr,fotl_half,front_leg,1595627622
93,93,ResponsibleRecklessBushbaby,epee,fotr,fotl_warning_box,front_arm,1595628817
94,94,SpryLegitimateInvisiblerail,epee,neither,fotr_half,front_arm,1595628861
95,95,PeacefulDimBarb,epee,fotr,fotr_half,head,1595628885
96,96,FluidPointedIridescentshark,epee,fotr,middle,torso,1595628914
97,97,MilkyNeighboringGreathornedowl,epee,fotl,middle,torso,1595628941
98,98,NeglectedSpanishCavy,epee,fotr,fotl_half,front_arm,1595628973
99,99,ZanyImpeccableIndianskimmer,epee,fotl,fotr_half,front_arm,1595629013
100,0,DisfiguredSorrowfulAmericanblackvulture,epee,fotl,fotr_half,torso,1603379789
105,5,ElderlyForthrightFerret,epee,fotr,fotr_warning_box,torso,1603465908
106,6,SmallMeekInganue,epee,fotr,fotr_half,torso,1603465961
109,9,ActualBlackHamadryad,epee,fotr,fotl_half,torso,1603479627
110,10,TightMilkyDouglasfirbarkbeetle,epee,fotr,fotr_half,torso,1603479674
111,11,BowedPeacefulAmericanmarten,epee,fotr,fotl_half,foot,1603479717
112,12,CreepyHollowBinturong,epee,fotr,middle,front_arm,1603479770
114,14,WindyPlainKid,epee,fotl,middle,foot,1603500619
115,15,AridFluidGadwall,epee,fotr,fotl_half,front_arm,1603500733
118,18,MassiveOrganicArgali,epee,fotl,fotr_half,front_leg,1603501388
119,19,FaithfulPertinentGenet,epee,fotr,fotl_half,front_arm,1603501481
120,20,PointlessPortlyApe,epee,,fotl_warning_box,foot,1603541486
121,21,AlarmingDazzlingDoe,epee,fotl,fotr_half,front_leg,1603574875
122,22,AromaticCelebratedBlackbuck,epee,fotl,middle,torso,1603625810
123,23,ShockingSickGrackle,epee,fotr,fotl_half,torso,1603646158
125,25,BitterDefiantHarrierhawk,epee,fotl,middle,front_leg,1603646247
126,26,UnconsciousNimbleAmericanindianhorse,epee,fotl,fotl_half,torso,1603646299
127,27,OrnateRelievedLcont,epee,fotl,middle,torso,1603646334
128,28,AromaticFlippantIndianhare,epee,fotl,middle,torso,1603646375
129,29,SilverOptimalGalah,epee,fotl,fotr_warning_box,torso,1603671629
130,30,SpecificGreenAlbino,epee,fotl,fotr_half,torso,1603723839
131,31,HeartfeltBossyChinchilla,epee,fotl,fotr_half,foot,1603806456
132,32,UglyWideeyedApatosaur,epee,fotr,middle,front_arm,1603895376
135,35,AbleIdealisticIndianringneckparakeet,epee,fotr,fotl_half,torso,1604023732
137,37,AlarmingEnergeticAfricanfisheagle,epee,fotl,fotl_half,front_arm,1604104796
138,38,UnselfishPertinentBuck,epee,fotl,middle,torso,1604149693
139,39,ShoddyKaleidoscopicAtlanticblackgoby,epee,fotl,fotr_warning_box,front_arm,1604238409
140,40,SpeedyGrandioseAfricanelephant,epee,fotl,fotr_half,torso,1604335527
141,41,AppropriateHospitableAmurstarfish,epee,fotr,fotr_half,torso,1604420489
143,43,MetallicRevolvingIvorygull,epee,,fotl_warning_box,hand,1604501144
144,44,IllinformedObviousDuiker,epee,fotr,fotl_warning_box,hand,1604501152
145,45,SpottedShadowyAnnelida,epee,fotl,middle,torso,1604672857
147,47,SnappyWaryIndianrockpython,epee,fotr,fotl_half,front_arm,1604924408
148,48,BowedAggressiveElk,epee,fotr,fotl_half,torso,1605017802
150,50,CanineAlertCentipede,epee,fotr,fotl_half,foot,1605279097
151,51,GoodHeavenlyGrayreefshark,epee,fotl,middle,front_leg,1605365556
152,52,HarmoniousConsiderateCaterpillar,epee,fotl,fotr_half,torso,1605449410
153,53,PleasedWeepyAmphibian,epee,fotl,fotr_warning_box,torso,1605499662
155,55,CarelessReasonableIndianrhinoceros,epee,fotr,fotr_warning_box,torso,1605499822
156,56,BaggyTotalKodiakbear,epee,fotl,middle,front_leg,1605500006
157,57,AridMediumIcterinewarbler,epee,fotl,fotr_half,hand,1605541505
158,58,BackNeighboringIaerismetalmark,epee,fotr,middle,front_arm,1605625385
159,59,LastingDefenselessKillerwhale,epee,fotl,middle,front_leg,1605716684
160,60,WelloffShrillGoa,epee,fotl,fotl_half,back_leg,1605803048
161,61,AnyTallBarnowl,epee,fotl,fotr_half,torso,1605882987
162,62,ShockingDenseGermanspaniel,epee,fotl,middle,front_arm,1605935045
163,63,FailingTautHen,epee,fotl,middle,torso,1605935098
165,65,InsistentAdventurousGelding,epee,fotr,fotl_half,front_arm,1605966962
166,66,BronzeComfortableHorsefly,epee,fotr,fotl_half,torso,1606054955
168,68,ForcefulTalkativeLemming,epee,fotr,fotl_half,torso,1606227890
170,70,NeedyDiscreteArcticwolf,epee,fotr,fotl_half,front_leg,1606288754
171,71,SneakyBriefDiamondbackrattlesnake,epee,fotr,fotl_warning_box,torso,1606401032
172,72,JoyfulNegativeEelelephant,epee,fotr,middle,torso,1606493545
173,73,KnobbySlipperyAmericanrobin,epee,fotl,middle,hand,1606510827
178,78,SphericalWickedArcticseal,epee,fotl,middle,torso,1606843131
179,79,OrnateFelineGoa,epee,fotl,middle,front_arm,1606919800
180,80,InconsequentialCharmingFrenchbulldog,epee,fotl,fotr_half,torso,1606919895
181,81,BruisedPartialHorseshoecrab,epee,fotr,middle,foot,1607010115
184,84,TotalConventionalLeafwing,epee,fotr,fotr_warning_box,torso,1607266479
186,86,RepulsiveSlightHedgehog,epee,fotr,fotr_half,front_leg,1607538737
189,89,AgitatedBeneficialHalcyon,epee,fotr,fotr_half,torso,1607789539
190,90,ClumsyZanyAstarte,epee,fotl,fotr_half,hand,1607963556
191,91,ImmaterialVictoriousGreatargus,epee,fotl,fotr_warning_box,torso,1608137541
194,94,FantasticImpassionedHellbender,epee,fotr,fotl_half,torso,1608475105
195,95,FluidSoggyGallowaycow,epee,fotl,fotl_half,hand,1608528977
196,96,AbandonedBasicJavalina,epee,fotl,fotr_half,torso,1608575729
198,98,VillainousEasygoingBird,epee,fotr,fotl_warning_box,front_arm,1608689786
199,99,LiquidBewitchedBoto,epee,fotl,middle,foot,1608739051
200,0,ColdRingedGalah,epee,fotr,middle,torso,1608832320
201,1,GratefulShadowyAmericanwigeon,epee,fotl,fotr_half,torso,1608908116
203,3,HappySpottedGreendarnerdragonfly,epee,fotl,fotl_half,torso,1609078969
204,4,FluidHorribleGrosbeak,epee,fotr,fotl_half,torso,1609168638
205,5,IllNearAustrianpinscher,epee,fotl,fotl_half,torso,1609267117
209,9,RespectfulLameEasternnewt,epee,fotl,middle,torso,1609364070
210,10,CavernousGoodBluebottle,epee,fotr,middle,torso,1609426342
211,11,ShoddyHarmoniousCrocodileskink,epee,fotr,fotl_half,front_arm,1609516949
212,12,IdealSpryBison,epee,fotl,middle,hand,1609539668
213,13,HappygoluckyElectricAnura,epee,fotl,fotl_warning_box,back_leg,1609605102
214,14,BriefHighlevelGodwit,epee,fotl,middle,front_arm,1609686904
216,16,GentleGentleIcelandicsheepdog,epee,fotr,fotl_warning_box,torso,1609872159
217,17,HairyAgedDassie,epee,fotl,fotl_half,torso,1609934781
219,19,WhichDizzyBackswimmer,epee,fotl,fotl_half,front_leg,1609946723
220,20,DismalImmediateAlleycat,epee,fotl,fotr_half,front_leg,1610031456
222,22,IdealSardonicDuckbillplatypus,epee,fotl,fotr_warning_box,torso,1610208064
223,23,SplendidFearfulHornedviper,epee,fotr,fotr_warning_box,front_arm,1610289097
225,25,ShallowWideIaerismetalmark,epee,fotr,fotr_warning_box,torso,1610379605
226,26,ZanyLastingArmednylonshrimp,epee,fotl,fotr_half,head,1610464372
227,27,SameHandyChick,epee,fotl,middle,back_leg,1610563078
228,28,FocusedLavishDrake,epee,fotl,middle,torso,1610639278
229,29,LameIncompleteGazelle,epee,fotl,fotr_warning_box,torso,1610811342
230,30,VeneratedCheeryAmericancrayfish,epee,fotr,fotl_half,torso,1610894476
231,31,FrightenedOilyDarwinsfox,epee,fotl,fotr_half,torso,1610990570
232,32,UnnaturalGrotesqueIndianpangolin,epee,,fotl_warning_box,hand,1611081477
233,33,UnnaturalGrotesqueIndianpangolin,epee,fotr,fotl_warning_box,hand,1611106460
234,34,UnnaturalGrotesqueIndianpangolin,epee,fotr,fotl_warning_box,hand,1611144311
235,35,ValuableWhichBluemorphobutterfly,epee,fotr,fotl_half,torso,1611149455
236,36,PaleShamelessGerenuk,epee,fotr,fotl_warning_box,foot,1611149696
238,38,OrdinaryEvilAardwolf,epee,fotr,fotr_half,front_arm,1611247718
240,40,BeautifulHollowFowl,epee,fotr,middle,torso,1611435733
241,41,DapperEmbellishedAidi,epee,fotr,fotl_half,torso,1611497717
242,42,GiftedSphericalCats,epee,fotl,fotr_warning_box,front_leg,1611527450
243,43,RipeGenerousCowrie,epee,fotl,middle,torso,1611527500
244,44,CreativeWavyAfricangroundhornbill,epee,fotl,fotl_warning_box,back_leg,1611582103
245,45,OrneryNaiveAfricanhornbill,epee,neither,fotl_warning_box,torso,1611582138
246,46,ForcefulWelcomeKouprey,epee,fotr,fotl_warning_box,front_leg,1611582160
247,47,KindheartedMilkyCoyote,epee,fotr,fotl_warning_box,torso,1611582197
248,48,AdoredCompetentGyrfalcon,epee,fotl,fotl_warning_box,hand,1611587185
249,49,WealthyWideCowrie,epee,fotr,middle,front_arm,1611614151
250,50,FittingUnselfishAmericanbittern,epee,fotr,fotl_half,torso,1611674423
251,51,AstonishingTemptingBrant,epee,fotl,fotr_warning_box,torso,1611730815
252,52,SparklingOrdinaryAmazontreeboa,epee,fotl,fotr_half,torso,1611730874
253,53,AdeptInnocentJerboa,epee,fotl,fotr_warning_box,torso,1611730946
254,54,SmoggySolidKoala,epee,fotl,middle,front_arm,1611730997
255,55,WealthyWealthyFly,epee,fotr,fotl_warning_box,torso,1611731040
256,56,CarefreeChubbyFinnishspitz,epee,fotl,fotr_half,torso,1611731070
257,57,SarcasticRegalBrahmancow,epee,fotr,fotl_warning_box,front_arm,1611731138
258,58,GiantSkeletalDrake,epee,fotr,fotl_half,torso,1611731202
259,59,WeeklyCheerfulAfricanporcupine,epee,fotr,fotl_warning_box,torso,1611731258
260,60,HopefulDependentGrayfox,epee,fotl,fotl_half,torso,1611731302
261,61,ObeseCoolBooby,epee,fotr,fotl_half,torso,1611731336
262,62,FlickeringEntireAnnelid,epee,fotl,fotr_half,torso,1611731415
263,63,WideeyedDiligentHyracotherium,epee,fotl,fotr_warning_box,torso,1611760536
265,65,SentimentalDecimalAnkolewatusi,epee,,fotl_half,torso,1611904419
266,66,SadKeyIntermediateegret,epee,fotl,fotr_half,torso,1611937976
268,68,AncientCoarseCrow,epee,fotr,fotl_warning_box,torso,1612101737
269,69,GoldenPastBergerpicard,epee,fotr,fotl_half,front_arm,1612196657
270,70,BlandGorgeousBluet,epee,fotl,middle,torso,1612219502
272,72,ScarceDifferentIvorybackedwoodswallow,epee,fotl,fotl_half,torso,1612219690
274,74,SlimAcidicHorsemouse,epee,fotr,middle,front_arm,1612370496
277,77,AlertUnpleasantBorer,epee,fotr,fotl_warning_box,front_arm,1612623326
278,78,MessySlipperyAnophelesmosquito,epee,fotl,fotl_half,torso,1612704876
280,80,ThickOrdinaryArcticseal,epee,fotl,fotr_half,torso,1612883430
281,81,UnfortunateGrouchyAquaticleech,epee,fotl,middle,torso,1612883443
282,82,SafeAthleticLemur,epee,fotl,fotr_half,torso,1612972370
283,83,ImpoliteFixedHarrier,epee,fotr,fotl_half,torso,1613062130
284,84,OnlyGrandGavial,epee,fotl,middle,head,1613141872
288,88,SourTameCatbird,epee,fotl,fotr_half,front_arm,1613553019
291,91,CarefreeFirmCygnet,epee,fotr,middle,front_arm,1613662826
292,92,MagnificentUnconsciousAmericanbobtail,epee,fotr,fotl_warning_box,front_arm,1613662902
293,93,InsidiousIllegalEidolonhelvum,epee,fotl,middle,hand,1613663282
296,96,BlandGorgeousBluet,epee,fotl,middle,front_arm,1613663428
297,97,LimpGiganticArgentinehornedfrog,epee,neither,fotl_half,hand,1613663473
298,98,FatFarawayChital,epee,fotl,middle,torso,1613663566
299,99,FatFarawayChital,epee,fotl,middle,torso,1613663566
301,1,VigorousDishonestAfricanwilddog,epee,,fotl_warning_box,hand,1613663602
305,5,SafeSphericalEasternnewt,epee,fotr,middle,front_arm,1613760995
307,7,PracticalKlutzyEeve,epee,fotr,fotl_warning_box,front_arm,1613761077
308,8,MajorSpicyCusimanse,epee,fotr,fotr_half,torso,1613761112
309,9,UnfitHeartyEider,epee,fotl,fotr_warning_box,hand,1613761149
310,10,PositiveBlissfulBlackfish,epee,fotl,middle,torso,1613761230
311,11,GaseousDimwittedEidolonhelvum,epee,fotl,middle,torso,1613818726
312,12,AptPlayfulHind,epee,fotr,middle,front_leg,1613818746
313,13,BouncyNimbleFanworms,epee,fotl,middle,front_leg,1613818807
314,14,EssentialTiredKingsnake,epee,fotr,fotl_half,hand,1613818828
315,15,BigSparklingHart,epee,fotr,fotl_half,head,1613818871
317,17,ReflectingCourageousFlickertailsquirrel,epee,fotr,middle,hand,1613818943
319,19,PitifulHastyAlaskanmalamute,epee,fotl,fotl_half,front_arm,1613819003
320,20,SpiritedSophisticatedArmedcrab,epee,fotr,fotl_half,front_arm,1613819036
321,21,IdleFabulousIraniangroundjay,epee,fotr,middle,front_arm,1613819076
323,23,EssentialJovialArmyant,epee,fotr,fotl_half,torso,1613917247
324,24,SpryMeatyHapuka,epee,fotr,fotl_warning_box,front_arm,1614007025
325,25,ParchedDamagedAiredale,epee,fotr,middle,front_arm,1614092353
327,27,SentimentalRemarkableBluetonguelizard,epee,fotr,middle,front_leg,1614413124
328,28,TheseBewitchedKawala,epee,fotl,fotr_half,front_arm,1614413166
329,29,CraftyTatteredKestrel,epee,fotl,middle,front_arm,1614413382
330,30,SociableDearLeopard,epee,fotr,fotl_warning_box,front_arm,1614413417
331,31,HealthyPopularAdmiralbutterfly,epee,fotr,fotr_half,front_arm,1614413460
332,32,IgnorantCreamyCapeghostfrog,epee,fotl,fotr_half,front_leg,1614413485
333,33,DeepBadInsect,epee,fotr,middle,hand,1614413518
335,35,NecessaryMelodicHatchetfish,epee,fotl,middle,front_arm,1614413563
336,36,DentalNippyHorsefly,epee,fotr,middle,front_arm,1614413605
338,38,RespectfulGreenDeer,epee,fotl,fotr_half,foot,1614413661
339,39,LiveThinGadwall,epee,fotr,fotl_half,torso,1614413708
341,41,NecessaryLastAtlanticridleyturtle,epee,fotl,middle,front_arm,1614413805
342,42,ScornfulBleakGoat,epee,fotl,fotr_half,hand,1614413865
343,43,TameCreativeAmericanbobtail,epee,fotr,middle,head,1614413919
344,44,DemandingAmbitiousAuklet,epee,fotr,fotl_half,torso,1614413954
345,45,SmugWelloffAmurratsnake,epee,fotr,middle,back_arm,1614519392
348,48,AntiqueCrispCentipede,epee,fotl,fotr_half,front_arm,1614520065
349,49,ArtisticIdolizedAmericanindianhorse,epee,fotr,fotl_half,front_arm,1614597041
351,51,QualifiedShadowyBighornsheep,epee,fotl,fotr_warning_box,front_arm,1614597172
352,52,SinfulBetterImpala,epee,fotr,middle,front_arm,1614601515
354,54,WhirlwindUnhappyGoosefish,epee,neither,middle,hand,1614608826
356,56,VillainousFixedIberianbarbel,epee,fotl,middle,head,1614608997
357,57,ParallelWearyKillifish,epee,fotr,middle,torso,1614610011
358,58,FrightenedTidyGypsymoth,epee,fotl,middle,torso,1614610029
359,59,DeadDaringBobwhite,epee,fotr,middle,front_arm,1614785752
360,60,DeadlyPrestigiousInchworm,epee,fotl,fotl_half,front_arm,1614804363
361,61,CompassionateRigidBass,epee,fotl,fotl_warning_box,hand,1614828434
362,62,GrizzledIgnorantIchthyostega,epee,fotl,middle,front_arm,1614953903
364,64,RevolvingGiganticAfricanharrierhawk,epee,fotr,fotl_half,front_leg,1615124571
367,67,KaleidoscopicFragrantInvisiblerail,epee,fotr,fotl_warning_box,front_arm,1615124667
370,70,HelplessFondGiraffe,epee,fotl,fotl_half,front_arm,1615124749
373,73,SmugEmbarrassedCoqui,epee,fotr,fotl_half,torso,1615465350
374,74,TiredWarmFattaileddunnart,epee,fotr,fotl_warning_box,torso,1615465396
376,76,BlandGorgeousBluet,epee,fotl,fotl_half,hand,1615469887
378,78,AgedSinfulBlackpanther,epee,,fotl_warning_box,hand,1615485099
379,79,DearestPinkIbex,epee,fotl,middle,torso,1615485176
380,80,FlakyBlueDowitcher,epee,fotl,fotr_half,front_arm,1615497525
383,83,PertinentThatBrontosaurus,epee,neither,fotr_warning_box,torso,1615520163
386,86,UnrulyFrailDegus,epee,fotl,fotr_warning_box,front_arm,1615520384
387,87,FarawayDistantArctichare,epee,fotr,fotr_half,front_arm,1615520466
390,90,DemandingGreatIzuthrush,epee,fotr,middle,torso,1615538574
391,91,SmugHeartyAmericanavocet,epee,fotl,fotr_half,torso,1615567089
392,92,FoolishCluelessLeafbird,epee,fotl,fotr_half,torso,1616080446
393,93,AntiqueFocusedAustraliancattledog,epee,fotl,fotl_half,torso,1616117478
395,95,VigorousDapperGartersnake,epee,neither,middle,torso,1616117547
396,96,DownrightTemptingHeron,epee,fotl,middle,front_arm,1616561844
397,97,PinkHomelyDogfish,epee,fotl,middle,torso,1616561884
398,98,BlandGorgeousBluet,epee,fotl,middle,front_arm,1616562061
399,99,WeirdGoodGiraffe,epee,fotl,middle,front_arm,1616562238
400,0,BrokenViciousAlbacoretuna,epee,fotr,middle,hand,1616562310
401,1,InsidiousDeliriousCirriped,epee,fotr,fotl_half,torso,1616562635
402,2,SmugHeartyAmericanavocet,epee,fotl,fotr_half,torso,1616611852
404,4,WellinformedMediumAnglerfish,epee,fotl,middle,torso,1616705150
405,5,IllfatedPreciousEastsiberianlaika,epee,fotr,fotr_half,front_leg,1616705181
406,6,PointlessIllinformedChameleon,epee,fotr,fotl_half,torso,1616768421
407,7,FixedTartGroundhog,epee,fotr,fotl_half,foot,1616768489
410,10,BelovedVagueIcelandichorse,epee,fotl,fotr_half,torso,1617462113
412,12,EachWideeyedKinkajou,epee,fotr,fotl_half,front_arm,1617633433
416,16,MajesticGaseousGiantschnauzer,epee,fotr,fotr_half,torso,1618243736
417,17,EuphoricUniqueDiscus,epee,fotl,middle,torso,1618325589
418,18,NeedyFrighteningEkaltadeta,epee,fotl,fotr_half,front_arm,1618593323
421,21,WiltedPlumpKoodoo,epee,fotr,fotr_half,back_leg,1618814195
423,23,WarmLimpingArkshell,epee,fotl,fotr_half,front_arm,1619187663
426,26,NewDisgustingAmericanquarterhorse,epee,fotr,fotr_half,torso,1619763523
430,30,PotableLinedCurlew,epee,fotr,fotl_warning_box,torso,1619877977
431,31,TangibleComposedBlueshark,epee,fotl,middle,torso,1620047919
432,32,VastColdBonobo,epee,fotr,fotl_half,front_leg,1620124095
433,33,HospitableSparseApisdorsatalaboriosa,epee,fotr,fotl_half,torso,1620124143
435,35,CapitalCarefulBilby,epee,fotr,fotr_half,head,1620144129
437,37,VastColdBonobo,epee,fotr,fotl_half,front_leg,1620154616
438,38,VastColdBonobo,epee,fotr,fotl_half,front_leg,1620155302
439,39,VastColdBonobo,epee,fotr,fotl_half,hand,1620155833
440,40,MeagerForcefulGhostshrimp,epee,fotl,middle,torso,1620224577
441,41,GloomyImaginativeChicken,epee,fotl,middle,front_arm,1620237158
443,43,WhirlwindWellmadeBengaltiger,epee,fotr,fotr_half,torso,1620278615
444,44,BronzeComfortableHorsefly,epee,fotr,fotl_half,torso,1620307268
445,45,JadedHatefulGoldenmantledgroundsquirrel,epee,fotr,fotl_half,torso,1620399027
446,46,UnfitNastyIndochinesetiger,epee,fotr,fotl_half,front_arm,1620663669
447,47,BreakableNaughtyBug,epee,fotr,fotl_warning_box,torso,1620663745
448,48,UnfitNastyIndochinesetiger,epee,fotr,fotl_half,front_arm,1620757275
449,49,UnderstatedEsteemedAmoeba,epee,fotr,middle,front_leg,1620757344
452,52,FirsthandPointlessBarasingha,epee,fotr,middle,torso,1620787037
453,53,UnnaturalDeepCoqui,epee,fotl,fotl_warning_box,torso,1620837053
454,54,SomberQuarterlyIndianglassfish,epee,fotl,fotr_warning_box,torso,1620856236
460,60,GregariousSimplisticGavial,epee,fotr,fotr_half,torso,1621258513
461,61,PitifulSmoothAntipodesgreenparakeet,epee,fotl,fotl_warning_box,hand,1621268415
462,62,PitifulSmoothAntipodesgreenparakeet,epee,fotl,fotr_half,torso,1621269700
463,63,ComposedForsakenClam,epee,fotl,fotl_half,front_arm,1621270329
464,64,JollyMajorCockatiel,epee,fotr,middle,front_arm,1621270628
465,65,EagerForkedFairyfly,epee,fotl,middle,front_arm,1621355365
488,88,AnyVelvetyIvorybackedwoodswallow,epee,fotl,fotl_warning_box,torso,1621542098
1429,29,VigorousDapperGartersnake,epee,neither,middle,torso,1622863594
1430,30,CavernousBigIrishdraughthorse,epee,fotr,fotl_half,hand,1622863637
1431,31,BestCleanCats,epee,fotr,fotl_warning_box,torso,1622863676
1476,76,CriminalEducatedEwe,epee,fotl,fotr_half,torso,1623288409
1512,12,GlassGiantAbyssiniangroundhornbill,epee,fotr,fotl_half,torso,1623634867
1513,13,PleasedFineGuanaco,epee,fotr,middle,torso,1623635011
1549,49,ScarceDifferentIvorybackedwoodswallow,epee,fotl,fotl_half,torso,1623878783
1550,50,DecimalFortunateHoiho,epee,fotl,middle,foot,1623878814
1551,51,SphericalElasticAnt,epee,fotl,fotr_half,foot,1623878878
1557,57,DearestGeneralFox,epee,fotr,fotl_half,front_arm,1623973256
1558,58,TiredUniformKingbird,epee,fotl,fotr_half,torso,1623973286
1876,76,ValidWhirlwindAustraliansilkyterrier,epee,fotr,fotl_half,torso,1625927281
1877,77,ValidWhirlwindAustraliansilkyterrier,epee,fotl,fotl_half,back_arm,1625934592
2057,57,MiserableVainBass,epee,,fotl_warning_box,hand,1627686760
2071,71,DistinctDevotedKookaburra,epee,,fotl_warning_box,hand,1627770285
2083,83,KaleidoscopicHonorableBrahmanbull,epee,fotr,fotr_half,head,1628198295
2129,29,WeeElasticGlassfrog,epee,fotl,fotr_half,front_arm,1629058307
2188,88,UntriedSpeedyAndeancat,epee,fotr,middle,foot,1629640354
2197,97,CluelessReasonableChinchilla,epee,,fotl_warning_box,hand,1629819731
2199,99,ImpressionableWhiteDiscus,epee,,fotl_warning_box,hand,1629819745
2200,0,UnhealthyDizzyHamadryad,epee,,fotl_warning_box,hand,1629819748
2201,1,FatTangibleFlyingsquirrel,epee,fotl,fotl_warning_box,hand,1629819759
2254,54,ConcernedSerpentineGemsbok,epee,fotr,fotl_half,front_arm,1630522480
2255,55,BlueOffensiveLeafcutterant,epee,fotr,fotl_half,torso,1630522847
2303,3,SphericalElasticAnt,epee,fotl,fotl_warning_box,foot,1631085826
2304,4,NiftyMeagerIberiannase,epee,fotr,fotr_half,front_arm,1631085857
2321,21,TalkativeGrizzledBeetle,epee,fotl,fotl_half,hand,1631421266
2360,60,InsidiousHoarseFlatfish,epee,fotl,middle,front_arm,1631814924
2361,61,WeightyWildHummingbird,epee,fotr,fotl_half,foot,1631814959
2362,62,RelievedDefinitiveCoelacanth,epee,fotl,fotr_warning_box,torso,1631814986
2364,64,ActiveFatalFrenchbulldog,epee,fotr,fotl_half,head,1631815047
2365,65,IdenticalHauntingItaliangreyhound,epee,fotl,fotl_half,torso,1631815085
2383,83,FixedWellmadeBarnowl,epee,fotr,fotl_half,front_arm,1632121214
2432,32,PositiveChillyDassierat,epee,fotl,fotl_warning_box,torso,1632674645
2436,36,ImmaterialImprobableFishingcat,epee,fotr,fotr_warning_box,torso,1632674777
2485,85,TallWelllitArthropods,epee,fotl,middle,front_arm,1633488981
2495,95,SatisfiedCornyAdder,epee,fotr,fotl_half,torso,1633550012
2510,10,MinorLightheartedAmoeba,epee,fotr,fotr_half,torso,1633616838
2525,25,BabyishWatchfulIrishwolfhound,epee,fotr,fotl_warning_box,front_arm,1633793075
2536,36,BrownAssuredHarpyeagle,epee,fotl,middle,torso,1634009407
2537,37,ShortClumsyBaldeagle,epee,fotr,fotr_warning_box,hand,1634009471
2540,40,ScarceDifferentIvorybackedwoodswallow,epee,fotl,fotl_half,torso,1634078645
2545,45,FatShortBullmastiff,epee,fotl,fotl_half,torso,1634095062
2548,48,SmugHeartyAmericanavocet,epee,fotr,fotr_half,torso,1634204464
2558,58,SmugHeartyAmericanavocet,epee,fotl,fotr_half,torso,1634332319
2576,76,FewLastAustralianfurseal,epee,fotl,middle,torso,1634767968
2620,20,GracefulCraftyGallinule,epee,fotl,middle,torso,1635468831
2621,21,AgreeableYellowishEasternnewt,epee,fotl,middle,torso,1635468861
2622,22,WatchfulShinyAttwatersprairiechicken,epee,fotr,middle,head,1635468913
2640,40,ValidWhirlwindAustraliansilkyterrier,epee,fotl,fotl_warning_box,torso,1635688542
2642,42,SomberQuarterlyIndianglassfish,epee,fotr,fotr_warning_box,front_arm,1635728027
2643,43,SoreUntidyHog,epee,neither,fotr_half,torso,1635728050
2644,44,AromaticPinkHornet,epee,fotr,fotl_half,front_arm,1635728072
2648,48,RectangularBriskBumblebee,epee,,fotl_warning_box,hand,1635863839
2649,49,AnnualElementaryAlaskankleekai,epee,fotl,middle,front_arm,1635864019
2775,75,NeatWarmHoneycreeper,epee,fotl,fotr_half,torso,1637678064
2776,76,MemorableFlickeringAphid,epee,fotr,fotl_half,foot,1637678192
2777,77,BonyTatteredIndianrhinoceros,epee,fotr,fotl_half,torso,1637678268
2809,9,LoneSoupyLarva,epee,fotr,fotl_half,torso,1637852585
2811,11,OddballGloriousHamadryas,epee,fotl,fotl_warning_box,front_arm,1637852706
2813,13,JealousClutteredConey,epee,fotr,fotl_half,hand,1637852819
2814,14,FriendlyMasculineAiredaleterrier,epee,fotr,fotl_warning_box,front_leg,1637852910
2815,15,BetterWickedAmericanpainthorse,epee,fotl,fotr_half,torso,1637852953
2816,16,UnfortunateDarkIrishwolfhound,epee,fotr,fotl_half,torso,1637852991
2817,17,WideSpeedyDotterel,epee,fotr,middle,hand,1637853061
2819,19,CreativeEllipticalLice,epee,fotr,fotr_warning_box,torso,1637853160
2820,20,OldLazyGrosbeak,epee,fotr,fotl_half,hand,1637853215
2821,21,WiltedWhirlwindAustraliancattledog,epee,fotl,middle,torso,1637853244
2870,70,ThinWideeyedAmericanquarterhorse,epee,fotl,fotr_half,torso,1638809656
2871,71,AssuredMinorBackswimmer,epee,fotl,fotr_half,front_arm,1638809694
2872,72,IdleWatchfulFunnelweaverspider,epee,fotr,fotr_half,front_leg,1638809787
2873,73,DiscreteVariableChihuahua,epee,fotl,fotr_warning_box,torso,1638816406
2898,98,JoyfulPersonalDormouse,epee,fotr,fotl_half,front_arm,1639693126
2923,23,ComfortableSandyAmazonparrot,epee,fotl,middle,torso,1640713180
2928,28,PoliticalKlutzyAfricanaugurbuzzard,epee,fotl,fotl_half,torso,1640803385
2929,29,ScarceDifferentIvorybackedwoodswallow,epee,fotl,fotl_half,front_arm,1640807376
2930,30,GreenAmbitiousCero,epee,fotr,middle,front_arm,1640810671
2931,31,SphericalThornyFlyinglemur,epee,fotr,fotl_warning_box,front_arm,1640810717
2932,32,FrightenedInfantileAltiplanochinchillamouse,epee,fotl,middle,torso,1640810748
2933,33,GratefulAnotherHerald,epee,fotr,fotl_warning_box,front_arm,1640810772
2934,34,RespectfulGreenDeer,epee,fotl,fotr_half,foot,1640810793
2935,35,ThickHomelyIcelandichorse,epee,fotr,fotr_half,front_arm,1640810850
2936,36,QuarrelsomeHardDairycow,epee,fotr,fotl_half,torso,1640810864
2937,37,OblongDishonestEkaltadeta,epee,fotr,fotr_half,torso,1640810879
2938,38,LinearUntriedAsianporcupine,epee,fotl,middle,torso,1640810892
2952,52,ReadyDisgustingIbisbill,epee,fotr,fotl_half,torso,1640910242
3046,46,ShamefulNippyAngelwingmussel,epee,fotr,fotl_half,foot,1642130240
3052,52,BlushingDrearyIberianmole,epee,fotl,fotr_half,front_leg,1642270048
3104,4,EthicalInsistentDowitcher,epee,fotl,fotr_half,front_arm,1642779151
3136,36,FatShortBullmastiff,epee,fotr,fotl_half,torso,1642946609
3261,61,LivelyPeriodicBlackrussianterrier,epee,fotl,middle,torso,1643682842
3263,63,WeirdCloudyAxolotl,epee,fotr,fotl_warning_box,torso,1643693935
3264,64,WeirdCloudyAxolotl,epee,fotr,fotl_warning_box,torso,1643693942
3265,65,SmoggyLankyFreshwatereel,epee,fotl,fotr_half,torso,1643694050
3266,66,ImpressiveEverlastingBellfrog,epee,fotr,middle,front_arm,1643694173
3486,86,RichPlaintiveGrebe,epee,fotl,fotl_half,torso,1645434318
3487,87,WaterloggedFavorableFantail,epee,fotr,fotl_warning_box,torso,1645434356
3535,35,SomberQuarterlyIndianglassfish,epee,,fotl_warning_box,front_arm,1646182331
3536,36,SomberQuarterlyIndianglassfish,epee,fotr,fotr_warning_box,front_arm,1646182333
3672,72,OrderlyPlasticConey,epee,,middle,hand,1647296256
3851,51,MinorSevereBackswimmer,epee,,fotl_warning_box,torso,1648376142
3904,4,ElementarySillyKillerwhale,epee,fotr,middle,torso,1648609383
3905,5,TintedBlindGrayfox,epee,fotl,middle,torso,1648609450
3906,6,PartialHairyAntarcticfurseal,epee,fotr,fotl_warning_box,torso,1648609559
3908,8,CheerfulRealDingo,epee,fotr,middle,front_arm,1648609607
3909,9,VariableMadeupGopher,epee,fotr,fotr_warning_box,foot,1648609687
3944,44,SomberQuarterlyIndianglassfish,epee,fotl,fotr_warning_box,front_arm,1649009331
3945,45,YellowAccurateAmazontreeboa,epee,fotl,fotl_warning_box,torso,1649009368
3947,47,ScarceDifferentIvorybackedwoodswallow,epee,fotr,fotl_half,torso,1649009527
3950,50,LateLastIndiancow,epee,fotr,middle,hand,1649009692
3952,52,HealthyTeemingCrane,epee,fotr,middle,hand,1649009796
3953,53,NippyImprobableBrownbutterfly,epee,fotr,middle,front_arm,1649010048
4053,53,PopularMistyFrilledlizard,epee,fotr,middle,torso,1649693135
4054,54,EthicalSadBumblebee,epee,fotr,middle,torso,1649693179
4055,55,ComfortableTenderBellfrog,epee,,fotl_warning_box,hand,1649693196
4056,56,NauticalSomeIndianelephant,epee,fotl,fotl_half,torso,1649693251
4057,57,RedAcrobaticIslandcanary,epee,fotr,middle,hand,1649693286
4058,58,FickleUniqueFantail,epee,fotr,fotl_warning_box,front_arm,1649693467
4060,60,GlaringWelcomeBasilisk,epee,fotr,fotl_warning_box,torso,1649693529
4064,64,CrazyDefiniteEgg,epee,fotl,middle,torso,1649693691
4065,65,ScarceDifferentIvorybackedwoodswallow,epee,fotl,fotl_warning_box,torso,1649694169
4066,66,PlasticAbandonedBuzzard,epee,fotl,middle,front_arm,1649694204
4067,67,OpenQuarterlyBooby,epee,fotr,middle,front_leg,1649694237
4068,68,MinorSevereBackswimmer,epee,fotl,fotl_half,front_arm,1649694283
4069,69,SomberQuarterlyIndianglassfish,epee,fotr,fotr_warning_box,torso,1649694813
4070,70,IlliterateSinfulBlackpanther,epee,fotr,fotl_half,torso,1649694850
4071,71,UnhealthyWanDunnart,epee,fotl,middle,torso,1649694877
4288,88,SmugDefenselessBarnacle,epee,,fotl_warning_box,hand,1650977034
4289,89,PowerfulEasygoingHog,epee,fotr,fotl_half,torso,1650977073
4290,90,ScarceDifferentIvorybackedwoodswallow,epee,fotl,fotl_warning_box,torso,1650977116
4291,91,CloudyGiganticCaimanlizard,epee,fotl,middle,torso,1650977167
4502,2,SomberQuarterlyIndianglassfish,epee,fotr,fotr_warning_box,back_leg,1652063861
4807,7,ScarceDifferentIvorybackedwoodswallow,epee,fotl,fotl_half,front_arm,1653416257
4808,8,WellgroomedDeepFawn,epee,fotr,fotl_half,front_leg,1653416319
5055,55,HonorableBlueBackswimmer,epee,fotl,middle,front_leg,1654670530
5058,58,ScarceDifferentIvorybackedwoodswallow,epee,,fotl_warning_box,hand,1654671716
5084,84,QuaintRecentHarpseal,epee,,fotl_warning_box,hand,1654854678
5211,11,FatShortBullmastiff,epee,fotr,fotr_half,torso,1655850807
5213,13,ScarceDifferentIvorybackedwoodswallow,epee,fotl,fotl_warning_box,torso,1655850907
5214,14,ScentedCourageousBlackfly,epee,fotl,middle,torso,1655850947
5227,27,CoarsePoshBlackmamba,epee,fotr,fotl_half,torso,1656022835
5228,28,ScarceDifferentIvorybackedwoodswallow,epee,fotl,fotl_warning_box,torso,1656026202
5231,31,AlarmedFortunateEgret,epee,fotl,middle,torso,1656065482
5232,32,PhonyDistinctIsabellineshrike,epee,fotl,fotr_half,front_arm,1656159317
5233,33,MediumAdmiredIberianlynx,epee,fotr,middle,front_arm,1656159686
5234,34,ImmenseDecimalLeopard,epee,fotl,fotr_half,torso,1656159756
5235,35,CourageousSourIchneumonfly,epee,fotr,middle,torso,1656160906
5236,36,CarelessOpulentAustralianfreshwatercrocodile,epee,fotr,fotl_half,torso,1656161052
5237,37,YellowishKindlyAmericanalligator,epee,,fotl_half,torso,1656163480
5239,39,SilverEverlastingKissingbug,epee,fotl,middle,torso,1656164235
5240,40,CornyZigzagCaribou,epee,fotl,middle,front_arm,1656164301
5243,43,ScarceDifferentIvorybackedwoodswallow,epee,fotl,middle,torso,1656227587
5244,44,CleanHomelyCowbird,epee,fotl,middle,torso,1656227626
5245,45,ThreadbareVibrantEasternglasslizard,epee,fotr,middle,torso,1656227704
5246,46,ElasticMeagerAardwolf,epee,fotr,middle,torso,1656227789
5247,47,FatShortBullmastiff,epee,neither,fotl_half,torso,1656227863
5250,50,TheseJoyfulFallowdeer,epee,fotr,fotl_half,foot,1656230110
5251,51,CourageousValuableBengaltiger,epee,fotl,fotr_warning_box,front_arm,1656230154
5267,67,RecklessHealthyAgama,epee,fotl,fotl_half,front_arm,1656288443
5280,80,FatShortBullmastiff,epee,fotl,middle,torso,1656368859
5283,83,UnimportantFormalAustraliancurlew,epee,fotl,fotl_warning_box,front_arm,1656375035
5592,92,ScarceDifferentIvorybackedwoodswallow,epee,fotl,fotl_half,torso,1659541205
5702,2,KindFakeAmericanavocet,epee,fotl,fotl_warning_box,hand,1660645191
5704,4,EmotionalSickGnu,epee,fotr,fotr_half,hand,1660645282
5708,8,CompetentShockingCaiman,epee,fotr,fotr_half,hand,1660645409
5709,9,DeficientDefiantHornbill,epee,,fotl_warning_box,hand,1660645414
5710,10,ReasonableFrequentFlounder,epee,,fotl_warning_box,hand,1660645417
5711,11,WebbedPaltryHamadryas,epee,,fotl_warning_box,hand,1660645422
5736,36,ScarceDifferentIvorybackedwoodswallow,epee,fotl,fotl_half,torso,1661035678
5859,59,UntimelyBothChuckwalla,epee,fotl,fotl_warning_box,torso,1662169964
5877,77,JauntyRaggedHairstreak,epee,fotr,middle,hand,1662282410
5878,78,JauntyRaggedHairstreak,epee,fotr,fotl_warning_box,hand,1662284780
5882,82,RipeAmbitiousBudgie,epee,fotl,fotl_half,front_leg,1662300790
5883,83,MixedMelodicDogfish,epee,fotl,fotr_warning_box,front_arm,1662300885
5884,84,GreenJealousAvians,epee,fotr,fotr_half,torso,1662300919
5885,85,HelpfulQuarterlyIbadanmalimbe,epee,fotr,middle,front_arm,1662300962
5888,88,ScalyFailingAzurevase,epee,fotl,fotr_warning_box,front_leg,1662301073
6022,22,ScarceDifferentIvorybackedwoodswallow,epee,fotl,fotl_warning_box,torso,1663265473
6023,23,ScarceDifferentIvorybackedwoodswallow,epee,fotl,fotl_warning_box,torso,1663265594
6042,42,DisastrousDefiniteBasil,epee,fotl,fotr_half,front_arm,1663414776
6043,43,DisastrousDefiniteBasil,epee,fotl,fotr_warning_box,front_arm,1663414787
6045,45,CleanShrillCanary,epee,fotr,middle,foot,1663414885
6046,46,LittleImpassionedAgouti,epee,fotr,fotl_half,front_arm,1663414928
6050,50,SecretRegularDairycow,epee,fotr,middle,torso,1663415103
6054,54,ImmaculateGroundedFinch,epee,fotl,middle,torso,1663415230
6058,58,FlippantJampackedGermanspitz,epee,fotr,middle,torso,1663415436
6059,59,FirsthandInexperiencedHagfish,epee,fotr,fotl_half,torso,1663415481
6125,25,MinorSevereBackswimmer,epee,,fotl_warning_box,hand,1664212820
6192,92,FlusteredSpitefulAffenpinscher,epee,fotr,fotl_warning_box,torso,1664740763
6193,93,FlusteredSpitefulAffenpinscher,epee,fotr,fotl_warning_box,torso,1664741041
6194,94,RevolvingCandidAlaskankleekai,epee,fotl,fotl_warning_box,front_arm,1664741065
6201,1,FlusteredSpitefulAffenpinscher,epee,fotr,fotl_warning_box,torso,1664804293
6203,3,FlusteredSpitefulAffenpinscher,epee,fotr,fotl_warning_box,torso,1664837227
6217,17,SevereVelvetyDunlin,epee,fotl,middle,torso,1664966916
6260,60,TerribleAcidicHypsilophodon,epee,fotr,fotl_warning_box,front_arm,1665626324
6283,83,FrightenedRespectfulKouprey,epee,fotl,fotr_half,torso,1665939676
6284,84,PopularUnlinedIslandcanary,epee,fotr,fotl_half,foot,1665939744
6333,33,ScarceDifferentIvorybackedwoodswallow,epee,fotl,fotl_half,torso,1666591718
6384,84,FarawayGlassAmericancrow,epee,fotr,middle,foot,1667184630
6495,95,ScarceDifferentIvorybackedwoodswallow,epee,fotl,fotl_half,torso,1668235921
6496,96,BiodegradableUnawareBandicoot,epee,fotr,fotl_half,torso,1668236035
6591,91,AnimatedUglyKoala,epee,fotr,fotl_warning_box,torso,1668605793
6592,92,AlarmedWickedFirebelliedtoad,epee,fotr,fotl_warning_box,torso,1668605972
6593,93,RaggedMajorElephantseal,epee,fotr,fotl_warning_box,torso,1668606048
6618,18,TameCreativeAmericanbobtail,epee,fotr,middle,front_arm,1668893340
6750,50,AbandonedAdoredFieldmouse,epee,fotl,fotl_half,front_arm,1670123897
6751,51,AbandonedActualInganue,epee,fotl,fotl_half,front_arm,1670123897
6761,61,PastBonyAustralianfurseal,epee,fotl,fotl_warning_box,torso,1670166251
6763,63,GrimyShockingHogget,epee,fotl,fotr_half,torso,1670166374
6765,65,AbandonedActualFlea,epee,fotr,middle,front_arm,1670169642
6766,66,AbandonedActualInganue,epee,fotl,fotl_half,torso,1670169720
6767,67,AbandonedAggressiveBlesbok,epee,fotr,middle,front_arm,1670170077
6768,68,AbandonedAgileDipper,epee,fotr,fotr_half,front_arm,1670170176
6770,70,WhichCelebratedBudgie,epee,fotr,middle,torso,1670170289
6772,72,PessimisticComposedBasenji,epee,fotr,fotl_warning_box,foot,1670170479
6774,74,HandmadeMerryGalapagosalbatross,epee,fotr,fotr_half,front_arm,1670172704
6775,75,FatShortBullmastiff,epee,fotl,fotl_half,torso,1670173689
6776,76,RadiantBossyGar,epee,fotl,fotl_half,front_leg,1670173816
6777,77,CluelessShortDipper,epee,fotr,middle,head,1670173915
6778,78,GenerousCloudyAdmiralbutterfly,epee,fotl,fotr_half,torso,1670174004
6779,79,LegalThankfulCoyote,epee,fotr,fotl_half,front_arm,1670174179
6780,80,CarelessGratefulCoati,epee,fotl,fotr_half,torso,1670174229
6781,81,WaryPowerfulChinchilla,epee,fotl,fotr_half,torso,1670174283
6783,83,ChillyAccomplishedKatydid,epee,fotl,fotr_half,front_arm,1670174361
6785,85,ImpressionableEssentialGibbon,epee,fotl,fotl_half,torso,1670174482
6788,88,GivingSaltyHogget,epee,fotl,fotr_half,torso,1670174615
6790,90,DeadThinAngelfish,epee,fotr,fotr_half,torso,1670174683
6791,91,SmugFailingLiger,epee,neither,middle,torso,1670174722
6793,93,SleepyCrispCanary,epee,fotl,middle,torso,1670174813
6795,95,FirsthandGenerousBluemorphobutterfly,epee,fotl,fotr_half,front_arm,1670175808
6796,96,DarlingSinfulIsabellineshrike,epee,fotr,fotl_half,torso,1670185311
6797,97,BadFearlessGartersnake,epee,fotr,fotl_half,torso,1670185367
6798,98,FabulousBarrenHarvestmouse,epee,fotr,middle,torso,1670185456
6800,0,ClassicDisguisedHalibut,epee,fotr,fotl_half,torso,1670185521
6809,9,EasyLastingEmperorpenguin,epee,fotl,fotl_half,torso,1670195295
6810,10,DefiantHighErne,epee,fotr,fotl_half,torso,1670195334
6811,11,DisloyalHarshHornbill,epee,fotr,middle,front_arm,1670195366
6814,14,FlamboyantNiftyDogfish,epee,fotl,middle,front_arm,1670195489
6816,16,AbandonedActualInganue,epee,fotl,fotl_half,torso,1670198928
6817,17,AbandonedActualInganue,epee,fotr,fotr_half,torso,1670202096
6832,32,WeepyPrestigiousHake,epee,fotr,fotr_warning_box,torso,1670419828
6834,34,LikelyRecklessGaur,epee,,fotl_warning_box,hand,1670421425
6835,35,BlindCelebratedGartersnake,epee,fotl,fotl_warning_box,hand,1670439905
6839,39,ScarceDifferentIvorybackedwoodswallow,epee,fotl,fotr_half,torso,1670450995
6840,40,KlutzyMammothDugong,epee,fotl,fotr_half,torso,1670451024
6841,41,VelvetyVelvetyDonkey,epee,fotl,middle,torso,1670451058
6842,42,CostlyNarrowDartfrog,epee,fotl,fotl_half,torso,1670451087
6843,43,EnormousBasicIndianringneckparakeet,epee,fotr,fotl_half,torso,1670451117
6845,45,NiftyShorttermBasenji,epee,fotr,fotr_half,torso,1670451186
6846,46,FirsthandFlakyEft,epee,fotl,middle,hand,1670451255
6848,48,AlienatedBronzeHalibut,epee,fotl,fotl_warning_box,torso,1670451323
6850,50,MajesticMeaslyCanine,epee,fotl,middle,torso,1670451435
6851,51,CornyBogusCarpenterant,epee,fotr,middle,front_arm,1670451481
6852,52,WhisperedDangerousLamb,epee,fotl,middle,torso,1670451511
6853,53,ParallelDearBeardedcollie,epee,fotl,fotr_half,torso,1670451549
6854,54,IckyWateryInsect,epee,fotr,middle,torso,1670451599
6855,55,GorgeousWellwornBlackwidowspider,epee,fotl,fotr_half,front_arm,1670451631
6857,57,FemaleSpanishAcornwoodpecker,epee,fotl,middle,torso,1670451778
6858,58,AdorableSlipperyHeron,epee,fotl,middle,torso,1670451826
6859,59,VigorousAmusingFairybluebird,epee,fotr,fotl_half,front_arm,1670451892
6860,60,PersonalFelineCottontail,epee,fotr,middle,torso,1670451913
6873,73,SophisticatedRealisticBighorn,epee,fotr,middle,hand,1670618031
6876,76,DirtySoftGrison,epee,fotr,fotl_warning_box,torso,1670618932
6877,77,CorruptOpulentChimpanzee,epee,fotr,middle,torso,1670619370
6878,78,QuickFeminineHarborporpoise,epee,fotl,fotr_warning_box,foot,1670622241
6881,81,FantasticDangerousArthropods,epee,fotr,fotl_half,back_arm,1670622729
6897,97,SecretBitterBlackpanther,epee,fotr,fotl_half,front_arm,1670708730
6898,98,ImpossibleImpoliteEskimodog,epee,fotl,middle,front_arm,1670708809
6916,16,DishonestUntimelyEkaltadeta,epee,fotl,fotl_half,torso,1670804119
6918,18,BowedSecondhandCommongonolek,epee,fotl,fotr_half,head,1670804228
6919,19,PartialWillingAmericanalligator,epee,fotr,fotl_warning_box,front_arm,1670804255
6927,27,NearParchedBlueandgoldmackaw,epee,fotr,middle,hand,1670850743
6952,52,SilkyQuaintBluegill,epee,fotr,fotr_half,front_arm,1670945132
7031,31,GreenQueasyFantail,epee,fotl,fotr_half,torso,1673209897
7032,32,RectangularBriskBumblebee,epee,fotr,fotr_warning_box,torso,1673300178
7035,35,LateBoldKoalabear,epee,fotr,middle,hand,1673456150
7036,36,ReasonableOldfashionedJunco,epee,fotl,fotl_warning_box,torso,1673456201
7038,38,PoisedWeeDesertpupfish,epee,fotl,middle,torso,1673456345
7039,39,BlissfulFailingBallpython,epee,fotl,middle,torso,1673456448
7040,40,EnlightenedJaggedAmericanbobtail,epee,fotr,middle,torso,1673456477
7042,42,BaggyComplicatedGermanshorthairedpointer,epee,fotr,fotl_half,front_arm,1673456560
7044,44,WelloffSmugAdmiralbutterfly,epee,fotr,middle,torso,1673456667
7046,46,BlindIndolentConure,epee,fotl,fotl_half,front_arm,1673456768
7051,51,SimilarDetailedBarasinga,epee,fotl,fotl_half,front_arm,1673456999
7054,54,RareApprehensiveCapeghostfrog,epee,fotr,fotl_half,torso,1673457163
7055,55,ThirdChubbyBoaconstrictor,epee,fotr,fotr_half,torso,1673468561
7056,56,DearSarcasticAdouri,epee,fotr,middle,torso,1673468637
7057,57,DefinitePlushLamprey,epee,fotl,fotr_warning_box,front_leg,1673468674
7058,58,DimGracefulHind,epee,fotl,fotr_half,hand,1673468705
7060,60,HeavenlyVelvetyEarwig,epee,fotl,fotr_half,head,1673886606
7066,66,RecentZigzagIvorygull,epee,fotr,middle,torso,1673920829
7070,70,LimitedColorlessAfricanbushviper,epee,fotl,middle,torso,1674005710
7072,72,ComposedShyAcouchi,epee,fotl,fotl_half,foot,1674005790
7073,73,BonyNeglectedCirriped,epee,fotl,fotr_half,torso,1674005823
7079,79,HeavenlyVelvetyEarwig,epee,fotl,fotr_half,torso,1674599315
7080,80,CalmEssentialAssassinbug,epee,fotl,fotr_half,torso,1674656001
7082,82,CreativeAggressiveBallpython,epee,fotl,fotr_half,torso,1674686433
7083,83,DaringPreciousElk,epee,fotl,fotr_half,front_arm,1674686474
7084,84,ExcitableUnsightlyHarvestmouse,epee,fotl,fotr_half,front_arm,1674686522
7085,85,AggravatingUnawareArkshell,epee,fotr,fotl_warning_box,torso,1674686560
7086,86,HeavenlyVelvetyEarwig,epee,fotl,fotr_half,torso,1674719009
7087,87,DimFineKrill,epee,fotl,fotl_half,torso,1674804946
7088,88,PoliticalShabbyBeardeddragon,epee,fotl,fotr_warning_box,front_arm,1674944595
7089,89,DisloyalHollowHarrier,epee,fotr,fotr_half,torso,1674944765
7090,90,EquatorialPertinentAlbatross,epee,fotr,fotl_half,torso,1674944810
7091,91,SpotlessGregariousAustrianpinscher,epee,fotr,fotr_half,torso,1674944851
7093,93,PointlessOblongImperatorangel,epee,fotr,fotl_half,torso,1674944955
7094,94,WebbedSmallEarthworm,epee,fotl,fotl_half,front_arm,1674945008
7097,97,KaleidoscopicSpottedCoral,epee,fotl,fotr_half,torso,1674945133
7098,98,DearestDistantKingsnake,epee,fotr,fotl_half,torso,1674945207
7099,99,SophisticatedHotAmericanalligator,epee,fotl,fotr_half,torso,1674945242
7100,0,HighlevelParchedGoat,epee,fotl,fotr_half,front_arm,1674945315
7105,5,InbornPlayfulGreatargus,epee,fotl,fotr_warning_box,front_leg,1674946034
7107,7,CrazyFlusteredHamster,epee,fotr,fotl_half,torso,1675050842
7108,8,CrazyFlusteredHamster,epee,fotr,fotl_half,torso,1675050851
7109,9,ScornfulFarHartebeest,epee,fotl,fotr_half,torso,1675050877
7110,10,OddPoliticalAnole,epee,,fotl_warning_box,hand,1675050884
7111,11,WeepyPrestigiousHake,epee,fotr,middle,torso,1675111426
7112,12,AbandonedFluffyCoral,epee,fotl,fotr_half,torso,1675111492
7113,13,HonoredCookedGalago,epee,fotr,fotl_warning_box,front_arm,1675111537
7115,15,SparklingJitteryArctichare,epee,fotl,fotr_warning_box,torso,1675111621
7116,16,SmugPositiveJavalina,epee,neither,fotl_warning_box,hand,1675111717
7118,18,FlusteredBlushingDodobird,epee,fotr,fotl_warning_box,torso,1675171322
7120,20,AffectionateMessyEchidna,epee,fotl,fotr_warning_box,torso,1675438736
7121,21,CrazyFlusteredHamster,epee,fotr,fotl_half,torso,1675503916
7122,22,AnimatedCrazyBlackwidowspider,epee,fotl,fotr_half,front_arm,1675503944
7123,23,DisastrousGleefulBallpython,epee,fotl,middle,front_arm,1675503978
7124,24,BraveJointGuineafowl,epee,fotr,fotl_warning_box,torso,1675504020
7126,26,PowerfulSoupyAoudad,epee,fotl,fotr_half,torso,1675504119
7130,30,AdolescentRapidElephant,epee,,fotl_warning_box,hand,1675655456
7131,31,RemorsefulFirmCicada,epee,fotl,fotl_half,torso,1675683238
7132,32,CriminalUnsungCopperbutterfly,epee,fotl,fotr_half,hand,1675683290
7133,33,BronzeCheerfulFairyfly,epee,fotr,middle,front_arm,1675683355
7134,34,MeaslyFilthyFairyfly,epee,fotr,fotl_half,front_leg,1675683436
7135,35,LateAgreeableFoxhound,epee,fotl,middle,torso,1675683477
7136,36,AlienatedYoungAnura,epee,fotr,middle,torso,1675683559
7137,37,FakeAcrobaticBasilisk,epee,fotl,fotl_half,torso,1675683751
7138,38,AffectionateGlossyAndeancondor,epee,fotr,middle,torso,1675683805
7139,39,SandyWhisperedArmyant,epee,fotl,fotr_half,head,1675683918
7140,40,ColdSoreDrake,epee,fotr,fotl_half,torso,1675684012
7141,41,EvergreenPowerlessHornedviper,epee,fotr,fotl_half,hand,1675684081
7143,43,PassionateInfamousHairstreakbutterfly,epee,fotl,fotl_warning_box,front_arm,1675785685
7144,44,WaterloggedMintyBaldeagle,epee,fotr,fotr_warning_box,torso,1675785729
7145,45,ReasonableDisastrousElephantseal,epee,fotl,fotr_warning_box,front_arm,1675805256
7146,46,ReasonableDisastrousElephantseal,epee,fotl,fotr_warning_box,front_arm,1675805266
7147,47,BlindCelebratedGartersnake,epee,fotr,middle,hand,1675815479
7148,48,RemoteCheapEider,epee,fotr,fotr_half,hand,1675970973
7149,49,ScarceDifferentIvorybackedwoodswallow,epee,fotr,fotl_warning_box,hand,1675985477
7150,50,TangibleGorgeousGosling,epee,fotr,fotl_half,torso,1675985522
7151,51,FlippantHonorableAsianlion,epee,neither,fotl_warning_box,hand,1675985558
7154,54,AffectionateMessyEchidna,epee,fotl,fotr_warning_box,torso,1675985768
7163,63,DevotedEveryLadybug,epee,fotl,middle,torso,1675986078
7164,64,FatalContentAztecant,epee,fotr,fotr_half,torso,1675986220
7165,65,FormalUnfitHawaiianmonkseal,epee,fotl,fotr_warning_box,torso,1675986240
7167,67,WeeklyPhonyDiplodocus,epee,fotr,middle,front_arm,1676008903
7168,68,UnfortunateScalyGourami,epee,fotr,fotl_warning_box,front_leg,1676008974
7172,72,TautBlueFrigatebird,epee,fotr,fotl_warning_box,head,1676270168
7173,73,LonelyElementaryBaboon,epee,,fotl_warning_box,hand,1676270235
7174,74,NimbleLinearBlackfish,epee,fotl,fotr_half,front_arm,1676270261
7176,76,DimpledDecisiveJuliabutterfly,epee,fotr,fotl_warning_box,hand,1676270322
7181,81,RapidWarpedAsiaticlesserfreshwaterclam,epee,fotr,middle,front_arm,1676646289
7183,83,MatureMintyFlamingo,epee,fotr,fotr_half,front_arm,1676646429
7185,85,FatShortBullmastiff,epee,,fotl_warning_box,hand,1676711616
7186,86,HeavenlyVelvetyEarwig,epee,,fotl_warning_box,hand,1676711636
7189,89,LegalSpiffyHylaeosaurus,epee,fotr,fotr_half,torso,1677065432
7190,90,SaneTalkativeGreyhounddog,epee,fotl,fotr_warning_box,torso,1677065705
7191,91,LiquidUnripeBassethound,epee,fotr,fotl_warning_box,torso,1677109833
7192,92,SizzlingCloudyCub,epee,fotr,fotr_warning_box,torso,1677113727
7193,93,SophisticatedFarawayBrant,epee,fotl,middle,torso,1677113781
7195,95,UnequaledBeneficialKangaroo,epee,fotl,fotr_half,torso,1677114630
7197,97,PerkyElementaryBrahmancow,epee,fotr,fotr_warning_box,torso,1677114771
7199,99,ForkedIllustriousGraysquirrel,epee,fotl,middle,torso,1677177922
7207,7,ConsciousWiltedEkaltadeta,epee,fotl,fotr_half,torso,1677507894
7208,8,TheseImpoliteFallowdeer,epee,fotl,fotr_half,front_arm,1677507960
7210,10,AthleticRingedHoki,epee,fotl,middle,torso,1677633499
7213,13,SparseDamagedGander,epee,fotl,middle,front_arm,1677930601
7214,14,HeartfeltTinyCirriped,epee,fotr,fotr_warning_box,torso,1678057750
7215,15,QuaintIdolizedItalianbrownbear,epee,fotr,middle,torso,1678057777
7217,17,ThoroughIllfatedDassie,epee,fotr,fotr_half,torso,1678058327
7220,20,AmpleGlitteringBongo,epee,fotl,fotl_half,torso,1678995525
7223,23,WanLeadingJavalina,epee,fotl,fotl_warning_box,hand,1679109883
7225,25,ScarceDifferentIvorybackedwoodswallow,epee,fotl,fotl_warning_box,torso,1679582530
7227,27,CreepyBlackandwhiteBull,epee,fotr,fotl_half,front_arm,1679843390
7228,28,RepulsiveDependableFrogmouth,epee,fotl,fotr_warning_box,hand,1679843522
7230,30,BlushingImpressiveJay,epee,,fotl_warning_box,hand,1679879171
7233,33,AbleGregariousCollie,epee,fotl,middle,torso,1679879366
7234,34,ThirdAnyArizonaalligatorlizard,epee,fotl,fotl_half,back_arm,1679879440
7235,35,IncompatibleEnchantingChital,epee,fotr,fotl_half,torso,1679879495
7236,36,MarvelousFearlessAfricanhornbill,epee,fotr,fotl_warning_box,torso,1679879560
7238,38,GenuineWeakFairybluebird,epee,fotl,fotr_warning_box,torso,1679879692
7239,39,PerfumedUnsightlyDegus,epee,fotr,fotl_warning_box,torso,1679879789
7240,40,FlamboyantAnchoredLeopardseal,epee,fotl,fotl_warning_box,torso,1679879813
7241,41,PolishedWebbedIslandwhistler,epee,fotr,middle,torso,1679972861
7242,42,EqualDarkGeese,epee,,fotl_warning_box,hand,1679975983
7243,43,SecretEquatorialDragonfly,epee,fotl,fotr_warning_box,torso,1680209189
7244,44,NaturalEagerBumblebee,epee,neither,middle,hand,1680209226
7249,49,AbandonedActualFlea,epee,,fotl_warning_box,hand,1680570820
7250,50,RadiantBossyGar,epee,fotl,fotl_warning_box,torso,1680586690
7255,55,ElaborateUnripeDotterel,epee,fotr,middle,front_arm,1681589268
7259,59,ThirdChubbyBoaconstrictor,epee,fotr,middle,torso,1682300293
7261,61,IdleVerifiableBurro,epee,fotl,middle,hand,1682387126
7262,62,FakeAcrobaticBasilisk,epee,,fotl_warning_box,front_arm,1682513422
7264,64,FavoriteMisguidedBluefintuna,epee,fotr,middle,front_arm,1682634085
7265,65,IdealAlarmingHochstettersfrog,epee,fotr,middle,torso,1683115233
7267,67,AlertUnpleasantBorer,epee,fotr,fotl_warning_box,torso,1683121481
7271,71,FlamboyantDependentGrassspider,epee,fotl,middle,front_leg,1683121609
7277,77,LonelyShadowyAmericancurl,epee,fotr,middle,torso,1683121822
7281,81,GivingQuestionableJackal,epee,fotr,middle,front_leg,1683122155
7282,82,SoupyIllinformedArmedcrab,epee,,fotl_warning_box,hand,1683122175
7283,83,AbandonedActualInganue,epee,fotl,fotl_warning_box,torso,1683634088
7285,85,OpulentRawIndigobunting,epee,fotl,middle,front_arm,1683634142
7292,92,OrderlyDarlingGentoopenguin,epee,fotr,fotr_warning_box,front_arm,1684325481
7295,95,ThirdChubbyBoaconstrictor,epee,fotr,fotr_half,torso,1684789449
7296,96,HeavenlyVelvetyEarwig,epee,fotl,fotr_half,torso,1684789508
7297,97,ScarceDifferentIvorybackedwoodswallow,epee,fotl,fotl_half,torso,1684789799
7298,98,AbandonedAggressiveBlesbok,epee,fotr,middle,hand,1684789987
7299,99,MessyNearFlea,epee,fotl,fotr_half,torso,1684790084
7300,0,UglyImperfectFishingcat,epee,fotl,fotl_warning_box,torso,1684816911
7301,1,DentalLateGuineapig,epee,fotr,fotl_half,torso,1684816939
7302,2,VelvetyDishonestGreatdane,epee,fotl,middle,hand,1684816965
7304,4,BelatedRadiantCaiman,epee,fotl,fotr_warning_box,torso,1685572163
7305,5,AbandonedCheerfulHamster,epee,fotl,fotr_half,front_leg,1685572243
7306,6,CalculatingDevotedCalf,epee,,fotl_warning_box,hand,1685572249
7313,13,EasyHelpfulInganue,epee,fotl,fotr_half,torso,1685572301
7316,16,DenseBlindKatydid,epee,fotr,fotr_half,hand,1685572335
7321,21,PracticalAstonishingLeveret,epee,,fotl_warning_box,hand,1685572351
7323,23,EmbarrassedRaggedFunnelweaverspider,epee,,fotl_warning_box,hand,1685572357
7328,28,LividEverlastingBellsnake,epee,,fotl_warning_box,hand,1685572377
7329,29,KlutzyAllCanvasback,epee,fotr,middle,torso,1685572396
7332,32,DismalParchedEelelephant,epee,,fotl_warning_box,hand,1685572408
7333,33,IllegalMiserlyHartebeest,epee,fotl,middle,foot,1685572428
7334,34,NaiveFlamboyantArachnid,epee,,fotl_warning_box,hand,1685574329
7339,39,OrganicBossyAnnelid,epee,neither,middle,torso,1685574378
7341,41,BrokenFrailEasternnewt,epee,fotl,fotr_half,foot,1685722600
7342,42,WateryGlisteningBernesemountaindog,epee,fotl,fotl_half,torso,1685798697
7343,43,SnarlingUnitedHarpseal,epee,fotl,fotr_warning_box,hand,1687126150
7349,49,DecisiveFlusteredFrigatebird,epee,fotl,fotr_warning_box,hand,1688459182
7353,53,DisastrousTenderHorseshoecrab,epee,fotr,fotl_half,torso,1688640161
7356,56,SmugRigidKentrosaurus,epee,fotl,fotr_half,torso,1688750018
7357,57,NiceWellinformedAdeliepenguin,epee,fotl,fotl_warning_box,front_arm,1688998091
7358,58,NiceWellinformedAdeliepenguin,epee,fotl,fotl_warning_box,front_arm,1688998094
7359,59,DependentAridAmericanratsnake,epee,fotr,fotl_warning_box,front_arm,1688998261
7360,60,RadiantSereneBeardedcollie,epee,fotr,fotr_half,torso,1689282002
7361,61,AnguishedOddAnnelida,epee,fotl,fotr_half,front_arm,1689282064
7365,65,AbandonedActualFlea,epee,fotl,fotr_half,hand,1690472661
7366,66,AbandonedActualFlea,epee,fotl,fotr_half,hand,1690472665
7367,67,MinorClosedAmethystgemclam,epee,fotl,fotr_half,front_arm,1690472728
7370,70,AbandonedAgileDipper,epee,fotl,fotr_half,front_arm,1690472882
7371,71,AbandonedBasicJavalina,epee,fotl,middle,torso,1690472952
7372,72,ShamefulZestyButterfly,epee,fotr,fotr_half,head,1690473072
7373,73,AbandonedCalculatingArrowworm,epee,fotl,fotl_warning_box,front_arm,1690473139
7374,74,AbandonedCheerfulHamster,epee,fotl,fotr_warning_box,hand,1690473265
7377,77,AbandonedActualFlea,epee,fotr,middle,front_arm,1691740738
7378,78,AbandonedActualInganue,epee,,fotl_half,front_arm,1691791039
7379,79,WhimsicalWigglyDromedary,epee,fotl,fotr_half,back_arm,1691792784
7380,80,AbandonedAggressiveBlesbok,epee,fotr,fotl_half,hand,1691797991
7383,83,AffectionateMessyEchidna,epee,fotl,fotr_half,torso,1692320598
7384,84,cloudyGermanCockroachLongTailedTit,epee,fotl,fotr_half,torso,1692320701
7385,85,DapperAnxiousApatosaur,epee,fotr,fotr_warning_box,torso,1692387636
7388,88,HighlevelSilentKakarikis,epee,neither,middle,front_arm,1693753737
7389,89,AbandonedActualFlea,epee,fotr,middle,torso,1693760955
7390,90,KeenWellwornIsabellineshrike,epee,fotr,fotl_half,front_arm,1693779982
7392,92,AgonizingFaroffHerring,epee,fotr,fotr_warning_box,foot,1694507068
7393,93,AbandonedActualInganue,epee,fotl,fotl_half,hand,1694553110
7394,94,EminentWickedHoopoe,epee,fotr,fotl_warning_box,front_arm,1694553162
7397,97,AbandonedAggressiveBlesbok,epee,fotr,middle,hand,1694883417
7401,1,successfulPesquetsParrotBeagle,epee,fotr,fotr_half,torso,1694987746
7408,8,FinishedUnripeBlackrussianterrier,epee,fotr,middle,torso,1695435591
7409,9,annoyedBrownTreeSnakePumpkinPatchTarantula,epee,fotl,fotr_half,torso,1695442577
7410,10,annoyedBrownTreeSnakePumpkinPatchTarantula,epee,fotl,fotr_warning_box,torso,1695492702
7413,13,annoyedBrownTreeSnakePumpkinPatchTarantula,epee,fotl,fotr_half,hand,1696049903
7414,14,MadWaterloggedIndianspinyloach,epee,fotr,middle,torso,1696049935
7431,31,AbandonedActualFlea,epee,fotl,fotr_half,front_arm,1697809630
7442,42,KlutzyOrangeAcornbarnacle,epee,,fotl_warning_box,hand,1698116324
7443,43,hurtHovasaurusGreenMamba,epee,fotl,fotr_half,front_arm,1698359171
7454,54,DishonestOddIbex,epee,fotr,middle,torso,1699103724
7470,70,PopularUnhappyBadger,epee,fotl,fotr_half,front_arm,1699223375
7471,71,HighPositiveJohndory,epee,fotr,middle,torso,1699223422
7472,72,ShorttermEmbellishedAffenpinscher,epee,fotl,fotr_half,torso,1699223500
7473,73,AlarmingSpectacularDungenesscrab,epee,fotr,middle,foot,1699223527
7475,75,busyBaboonGar,epee,fotl,middle,front_arm,1699223625
7476,76,ThinFastHawaiianmonkseal,epee,fotr,middle,front_arm,1699223656
7478,78,ElasticGiganticHornedtoad,epee,fotl,fotl_warning_box,front_arm,1699315437
7482,82,eagerTroodonTeddyRooseveltTerrier,epee,fotr,fotl_warning_box,torso,1699721265
7497,97,AbandonedActualFlea,epee,fotr,middle,front_arm,1699996731
7498,98,AbandonedActualFlea,epee,fotr,middle,front_arm,1700112043
7501,1,DisloyalHalfBoilweevil,epee,fotl,middle,torso,1700118560
7502,2,FriendlyScornfulAsiansmallclawedotter,epee,fotl,fotr_half,front_arm,1700118595
7505,5,InferiorIllfatedCaudata,epee,fotl,fotr_half,torso,1700132078
7508,8,FirsthandSecondElephantseal,epee,fotr,middle,torso,1700132171
7509,9,ConventionalElaborateAmericanmarten,epee,fotl,fotr_half,torso,1700156434
7525,25,FittingSoreGermanshorthairedpointer,epee,fotl,fotl_half,torso,1700630783
7537,37,AbandonedActualFlea,epee,neither,fotr_half,hand,1701043665
7538,38,AbandonedBasicJavalina,epee,fotl,middle,torso,1701047859
7539,39,LegitimateTerribleAmericanredsquirrel,epee,fotl,fotr_half,torso,1701047910
7551,51,AbandonedAggressiveBlesbok,epee,fotr,fotl_half,hand,1701726738
7552,52,AncientGenerousAlligatorsnappingturtle,epee,fotr,fotl_warning_box,back_leg,1701726780
7553,53,FlashyOrneryAlaskankleekai,epee,fotr,fotr_half,front_arm,1701726814
7554,54,AbandonedAgileDipper,epee,fotl,fotr_half,front_arm,1701875528
7560,60,PossibleMediumBlueshark,epee,fotr,middle,front_arm,1702052476
7570,70,AbandonedCheerfulHamster,epee,fotl,fotr_half,torso,1703363899
7571,71,YoungConcernedFlicker,epee,fotr,fotl_half,torso,1703363981
7572,72,HeartfeltFlakyKissingbug,epee,fotl,middle,torso,1703388947
7573,73,DirtyLoneArgali,epee,fotl,middle,foot,1703389004
7574,74,DefenselessEcstaticKitfox,epee,fotr,middle,torso,1703389038
7575,75,AbandonedBouncyAdamsstaghornedbeetle,epee,fotr,fotl_half,torso,1703573324
7576,76,SmoothPitifulBergerpicard,epee,fotr,fotl_half,torso,1703573381
7577,77,InfiniteDeterminedBlowfish,epee,fotl,middle,front_leg,1703573452
7590,90,pleasantHognosesnakeCodlingMoth,epee,fotr,fotl_half,front_arm,1705804096
7591,91,evilPinkSalmonLimpet,epee,fotr,fotl_warning_box,torso,1705804665
7594,94,WastefulAbandonedJanenschia,epee,fotl,fotr_half,foot,1705804780
7596,96,TimelyHeavyCleanerwrasse,epee,fotl,fotr_half,torso,1705804826
7597,97,OldPoorHorsechestnutleafminer,epee,fotl,middle,front_arm,1705804854
7600,0,BrilliantClearAsianconstablebutterfly,epee,fotr,fotr_half,front_arm,1705805012
7602,2,QuarrelsomeFrequentAlpineroadguidetigerbeetle,epee,fotr,middle,front_arm,1705805092
7607,7,thoughtlessSnowLeopardFrenchLop,epee,fotl,fotl_half,torso,1705805420
7608,8,annoyedHoneyBeeGreenFrog,epee,fotr,fotl_half,torso,1705805462
7612,12,ParallelWillingDuckbillcat,epee,fotl,middle,torso,1705806130
7615,15,PlaintiveSecretFossa,epee,fotr,middle,torso,1705806307
7617,17,WateryUnequaledHerald,epee,fotr,middle,torso,1705806395
7618,18,GrizzledNegativeFlatcoatretriever,epee,fotl,middle,torso,1705806441
7620,20,DeepQuaintHochstettersfrog,epee,fotr,middle,torso,1705806497
7621,21,AbandonedActualFlea,epee,fotl,middle,front_arm,1705820955
7622,22,AbandonedActualFlea,epee,fotl,middle,hand,1705901432
7623,23,FloweryLongJaguarundi,epee,fotl,fotr_warning_box,front_leg,1705901522
7624,24,ShabbyPartialBluebird,epee,fotr,fotl_warning_box,head,1705901575
7625,25,HonorableNecessaryKookaburra,epee,fotl,fotr_warning_box,torso,1705901622
7626,26,SolidBlandEuropeanpolecat,epee,fotl,fotr_half,hand,1705901651
7630,30,ThoseSevereAbyssiniangroundhornbill,epee,fotr,middle,torso,1705954995
7631,31,HandmadeAntiqueAfricanparadiseflycatcher,epee,fotr,middle,torso,1705955036
7632,32,FineSeveralFlyingfox,epee,fotr,fotl_half,torso,1705955057
7640,40,RightDentalGrouper,epee,fotr,fotl_half,torso,1706475693
7641,41,VerifiableLightheartedFrenchbulldog,epee,fotr,fotl_warning_box,torso,1706631175
7642,42,OrderlyAdorableHartebeest,epee,fotl,fotr_half,torso,1706631208
7644,44,MessySophisticatedAmericankestrel,epee,fotr,fotl_half,torso,1706655380
7646,46,AbandonedAggressiveBlesbok,epee,fotl,fotl_half,hand,1706752286
7647,47,AbandonedActualFlea,epee,fotr,middle,hand,1706752337
7648,48,SpryAmusedIndianjackal,epee,fotl,fotr_half,front_arm,1706752400
7651,51,handsomeLoachHuman,epee,fotl,middle,torso,1706773030
7652,52,AbandonedGloomyArcticduck,epee,fotr,middle,torso,1706780887
7658,58,DiligentClosedAmericancrayfish,epee,fotr,fotl_warning_box,torso,1707419088
7659,59,AbandonedCalculatingArrowworm,epee,fotr,fotl_warning_box,front_arm,1707532507
7660,60,AbandonedBrilliantBandicoot,epee,fotr,middle,front_arm,1707532622
7661,61,lightKamehamehaButterflyClickBeetle,epee,fotr,fotr_half,hand,1707532755
7662,62,vivaciousFilaBrasileiroGreenJuneBeetle,epee,fotl,middle,front_arm,1707532869
7663,63,PitifulSmoothAntipodesgreenparakeet,epee,fotl,fotr_warning_box,front_arm,1707765363
7664,64,QuerulousEmptyFlatfish,epee,fotl,fotr_half,front_leg,1708056999
7667,67,AbandonedBasicJavalina,epee,fotl,middle,front_arm,1708527149
7673,73,adventurousChinesePaddlefishDeathwatchBeetle,epee,fotl,fotl_half,front_leg,1708529400
7674,74,AbandonedActualFlea,epee,fotr,middle,front_arm,1708570957
7675,75,InsecureThoroughLcont,epee,fotl,middle,torso,1708570976
7676,76,powerfulMexicanFreeTailedBatTibetanTerrier,epee,fotl,middle,torso,1708571032
7677,77,AbandonedAggressiveBlesbok,epee,fotl,middle,hand,1708732154
7682,82,SaltyCelebratedChuckwalla,epee,fotl,fotr_half,hand,1708976809
7683,83,RigidEveryAnnashummingbird,epee,fotl,middle,torso,1709229318
7687,87,SilkyLikableAmericankestrel,epee,fotl,middle,torso,1709931616
7688,88,AdeptUniqueCalf,epee,fotr,fotl_warning_box,torso,1709931729
7689,89,ThinEducatedCheetah,epee,fotl,fotr_warning_box,hand,1709932355
7691,91,AbandonedAgileDipper,epee,fotr,fotr_half,torso,1710258142
7696,96,realSeaTurtleGrapevineBeetle,epee,fotr,middle,torso,1711197149
7697,97,innocentSarplaninacPhytosaurs,epee,fotl,middle,torso,1711197681
7698,98,shinyGreenTreeFrogSumatranOrangutan,epee,fotl,middle,torso,1711227672
7701,1,ImpracticalZanyFrogmouth,epee,fotl,middle,torso,1711446028
7702,2,EvergreenPowerlessHornedviper,epee,fotl,fotl_half,hand,1711446081
7703,3,scaryPugshireCaribou,epee,fotr,fotl_warning_box,torso,1711641922
